{"graph": {"_type": "graph-file", "sha256": "374565dd4671041568d3e2ff8cf474fc920343dc4aa14bc8c8a138fd738ebd6b", "size": 698, "path": "media/graph/graph_summary_374565dd4671041568d3.graph.json"}, "epoch": 4, "_timestamp": 1668658124.652085, "episode_reward": 876258.4916090633, "nb_episode_steps": 10000, "nb_steps": 50000, "_runtime": 263.768550157547, "_step": 4, "_wandb": {"runtime": 263}}