{"graph": {"_type": "graph-file", "sha256": "374565dd4671041568d3e2ff8cf474fc920343dc4aa14bc8c8a138fd738ebd6b", "size": 698, "path": "media/graph/graph_summary_374565dd4671041568d3.graph.json"}, "epoch": 4, "_timestamp": 1668658842.0580292, "episode_reward": 92765.43398450661, "nb_episode_steps": 10000, "nb_steps": 50000, "_runtime": 258.5402021408081, "_step": 4, "_wandb": {"runtime": 258}}